Platform;Coremark (single-thread)
Core i7-2600;22692.889561
Core 2 Duo T9400;12481.278083
AMD A6-3650;11810.558639
Atom Z8350;6893.094373
Raspberry PI;1303.78
Odroid X2;6109.074753
Orange Pi PC2;3869.719445
Raspberry PI 3;3841
Orange Pi Win;3840.983292
E8C-SWTX;3711
E8C-E8C4;3813.640119
E8C2;4266.7
E8C2-LOW;3413.357606
E2S-EL2S4;2216.475803
E2S-PC401;2364.24
MBE1C-PC;2901.49427
Pentium 4 ;5941.45
Pentium III ;2246.570438799
Baikal T1;6182
