Platform;Coremark (single-thread)
Core i7-2600;119670.905011
Core 2 Duo T9400;23950.661637
AMD A6-3650;41666.666667
Atom Z8350;23814.678502
Raspberry PI;1303.78
Odroid X2;24162.548051
Orange Pi PC2;14901.279026
Raspberry PI 3;15363.93
Orange Pi Win;15370.821058
E8C-SWTX;28846.153846
E8C-E8C4;117885.430096
E8C2-1550;34485.24
E8C2;33165.69
E8C2-LOW;26396.83238;
E2S-EL2S4;34457.87231474
E2S-PC401;36755.06
MBE1C-PC;2848.318157
Pentium 4 ;5941.45
Pentium III;2246.570438799
Baikal T1;12364
